time_s	x	y	yaw	linear_vel	angular_vel
6544.637000000001	-10.187632425709431	3.1330317186725796	1.6366943529527527	-0.0006976390475217015	0.029675181648624493
6545.0	-10.18288144332887	3.132416748752983	1.652574553102066	-0.003369821837926419	0.0365736569563226
6546.0	-10.17401303075412	3.1292204983451923	1.6822757684247738	-0.008283897444967488	0.04839514677974409
6547.0	-10.202360178677026	3.1003406573041743	1.8387503437420065	0.0	0.0
6548.0	-10.160717404691948	3.0517614532595725	1.9866650509082844	-0.07159319740283437	0.16809304864646277
6549.0	-10.120034305184715	3.0122160571325183	2.23542792257072	0.030987392442129245	0.2731942431710813
6550.0	-10.08709435994705	3.0534189675533674	2.4417920876718573	0.0	0.0
6551.0	-10.034669412490489	2.9110499203953633	2.80174644841648	0.11249866643087247	0.0
6552.0	-10.14921915460035	2.9515500519577014	2.8017485441590617	0.11249871492501351	0.0
