time_s	event
178.06900000000002	charging_start
178.321	charging_stop
178.512	charging_start
212.86200000000002	charging_stop
