time_s	score	extra_distance	margin	obj_distance	obj_to_station_distance	decision_mode
523.801	1.2590100765228271	0.00485680066049099	0.13084067404270172	5.9206342697143555	5.841411590576172	1.0
